{
    "manifest_version": 3,
    "name": "FeedCop: filter out cringe content on your LinkedIn feed using AI",
    "author": "Abhishek Tripathi",
    "version": "0.0.6",
    "description": "AI-powered browser extension that filters cringe, clickbait & low-value posts from your LinkedIn feed in real-time.",
    "content_scripts": [
        {
            "js": [
                "scripts/content.js"
            ],
            "matches": [
                "https://www.linkedin.com/feed/*"
            ]
        }
    ],
    "icons": {
        "16": "images/icon.png",
        "32": "images/icon.png",
        "48": "images/icon.png",
        "128": "images/icon.png"
    },
    "action": {
        "default_popup": "./pages/popup.html",
        "default_title": "FeedCop"
    },
    "options_page": "./pages/settings.html",
    "permissions": [
        "storage"
    ],
    "host_permissions": [
        "https://api.groq.com/*"
    ]
}